,dataset,sample,NAT_source,ref_source,WGA_source,priority,study_accession,experiment_accession,sample_accession,run_accession,submission_accession,study_title,project_name,sample_title,sample_alias,sample_description,tax_id,scientific_name,lineage,isolate,library_construction_protocol,library_layout,library_name,instrument_model,submitted_bytes,submitted_ftp
1573,ENA,ERR1309545,https://sra-pub-src-2.s3.amazonaws.com/ERR1309545/ecoli_er2925.native.timp.110915.tar.gz.1,,,0,PRJEB13021,ERX1381168,SAMEA3895874,ERR1309545,ERA581325,Detecting methylation using the MinION,Nanopore methylation,Escherichia coli str. K-12 substr. ER2925,ecoli_er2925,Escherichia coli str. K-12 substr. ER2925,83333,Escherichia coli K-12,Bacteria; Pseudomonadota; Gammaproteobacteria; Enterobacterales; Enterobacteriaceae; Escherichia; Escherichia coli,,,SINGLE,unspecified,MinION,92038335199,https://sra-pub-src-2.s3.amazonaws.com/ERR1309545/ecoli_er2925.native.timp.110915.tar.gz.1
1579,ENA,ERR1313294,https://sra-pub-src-2.s3.amazonaws.com/ERR1313294/Ecoli_ST38_2_basecalled.tar.gz.1,,,0,PRJEB12765,ERX1384976,SAMEA3876181,ERR1313294,ERA581527,Clonal expansion of Escherichia coli ST38 carrying chromosomally-integrated OXA-48 carbapenemase gene,,ST38_2,ST38_2,OXA-48 producer,562,Escherichia coli,Bacteria; Pseudomonadota; Gammaproteobacteria; Enterobacterales; Enterobacteriaceae; Escherichia,,,SINGLE,unspecified,MinION,5796741521,https://sra-pub-src-2.s3.amazonaws.com/ERR1313294/Ecoli_ST38_2_basecalled.tar.gz.1
1588,ENA,ERR1474978,https://sra-pub-src-2.s3.amazonaws.com/ERR1474978/GN131MinION.tar.gz.1,,,0,PRJEB14532,ERX1546113,SAMEA4052061,ERR1474978,ERA665516,Real-time species typing and analysis of antibiotic resistance potential using Nanopore MinION sequencing,Real-time species typing and analysis of antibiotic resistance potential using Nanopore MinION sequencing,MinION Sequencing Klebsiella pneumoniae ST258,8,MinION Sequencing Klebsiella pneumoniae ST258,1460422,Klebsiella pneumoniae subsp. pneumoniae ST258,Bacteria; Pseudomonadota; Gammaproteobacteria; Enterobacterales; Enterobacteriaceae; Klebsiella; Klebsiella pneumoniae; Klebsiella pneumoniae subsp. pneumoniae,clinical,,SINGLE,unspecified,MinION,8335988449,https://sra-pub-src-2.s3.amazonaws.com/ERR1474978/GN131MinION.tar.gz.1
1589,ENA,ERR1474981,https://sra-pub-src-2.s3.amazonaws.com/ERR1474981/Kp13383.tar.gz.1,,,0,PRJEB14532,ERX1546116,SAMEA4052064,ERR1474981,ERA665518,Real-time species typing and analysis of antibiotic resistance potential using Nanopore MinION sequencing,Real-time species typing and analysis of antibiotic resistance potential using Nanopore MinION sequencing,MinION Sequencing Klebsiella pneumoniae ATCC 13883,11,Klebsiella pneumoniae ATCC 13883,573,Klebsiella pneumoniae,Bacteria; Pseudomonadota; Gammaproteobacteria; Enterobacterales; Enterobacteriaceae; Klebsiella,clinical,,SINGLE,Kp_ATCC-13883_library,MinION,10513992145,https://sra-pub-src-2.s3.amazonaws.com/ERR1474981/Kp13383.tar.gz.1
1591,ENA,ERR1611432,https://sra-pub-src-2.s3.amazonaws.com/ERR1611432/6600698.tar.gz.1,,,0,PRJEB15237,ERX1682008,SAMEA4426209,ERR1611432,ERA697615,Robinsoniella peoriensis isolated from a Clostridium difficile study,Robinsoniella peoriensis 660698,Robinsoniella peoriensis 6600698,Rb_ONT1,Robinsoniella peoriensis 6600698,180332,Robinsoniella peoriensis,Bacteria; Bacillota; Clostridia; Lachnospirales; Lachnospiraceae; Robinsoniella,6600698,ONT genome,SINGLE,6600698,MinION,20888231113,https://sra-pub-src-2.s3.amazonaws.com/ERR1611432/6600698.tar.gz.1
1595,ENA,ERR1674581,https://sra-pub-src-2.s3.amazonaws.com/ERR1674581/UBC_MARC_1D_R9_107_Called.tar.gz.1,,,0,PRJEB15636,ERX1744632,SAMEA4483061,ERR1674581,ERA716428,UBC MARC E.coli Oxford Nanopore MinION R9 2D bridging experiment data,,Escherichia coli str. K-12 substr. MG1655,E.coli K12 MG1655,Escherichia coli str. K-12 substr. MG1655,511145,Escherichia coli str. K-12 substr. MG1655,Bacteria; Pseudomonadota; Gammaproteobacteria; Enterobacterales; Enterobacteriaceae; Escherichia; Escherichia coli; Escherichia coli K-12,,MARC modified SQK-NSK007,SINGLE,UBC_MARC_2D_R9,MinION,145851863295,https://sra-pub-src-2.s3.amazonaws.com/ERR1674581/UBC_MARC_1D_R9_107_Called.tar.gz.1
1598,ENA,ERR1894865,https://sra-pub-src-2.s3.amazonaws.com/ERR1894865/reads_7771_R9.4.tar.gz.1,,,0,PRJEB19372,ERX1955261,SAMEA103935362,ERR1894865,ERA860362,This study aims the genome sequencing of the symbiont Bacteroides uniformis CECT 7771 isolated from infant feces as well as the characterization of its genome response to different carbon sources through a RNA seq approach.,Genome analysis of the Bacteroides uniformis CECT 7771.,Genome and transcriptome of the Bacteroides uniformis CECT 7771,Bacteroides uniformis CECT 77711,Genome sequencing of the Bacteroides uniformis CECT 7771 by nanopore technology. Transcriptomic analysis under anaerobic culture using different carbon sources.,820,Bacteroides uniformis,Bacteria; Bacteroidota; Bacteroidia; Bacteroidales; Bacteroidaceae; Bacteroides,,SQK-LSK108,SINGLE,unspecified,MinION,8314472401,https://sra-pub-src-2.s3.amazonaws.com/ERR1894865/reads_7771_R9.4.tar.gz.1
1614,ENA,ERR2438058,https://sra-pub-src-2.s3.amazonaws.com/ERR2438058/TM2540.tar.gz.1,,,0,PRJEB25678,ERX2457241,SAMEA104711405,ERR2438058,ERA1254019,MinION sequencing enables rapid whole genome assembly of Rickettsia typhi in a resource-limited setting,MinION sequencing of Rickettsia typhi,TM2540,TM2540,Rickettsia typhi strain TM2540 isolated in 2012 from a patient in Laos,785,Rickettsia typhi,Bacteria; Pseudomonadota; Alphaproteobacteria; Rickettsiales; Rickettsiaceae; Rickettsieae; Rickettsia,,,SINGLE,unspecified,MinION,11204603189,https://sra-pub-src-2.s3.amazonaws.com/ERR2438058/TM2540.tar.gz.1
1868,ENA,ERR3861201,https://sra-pub-src-2.s3.amazonaws.com/ERR3861201/Vibrio_414_pass.tar.gz.1,,,0,PRJEB36532,ERX3873274,SAMEA6515922,ERR3861201,ERA2366394,Vibrio sp. genomes isolated from the Bay of Biscay,,Vibrio sp. isolate 414,414,Vibrio sp. isolate 414,29497,Vibrio splendidus,Bacteria; Pseudomonadota; Gammaproteobacteria; Vibrionales; Vibrionaceae; Vibrio,,,SINGLE,unspecified,MinION,3363977594,https://sra-pub-src-2.s3.amazonaws.com/ERR3861201/Vibrio_414_pass.tar.gz.1
2414,ENA,ERR5191772,https://sra-pub-src-2.s3.amazonaws.com/ERR5191772/AI2764.FAK47108.fast5s.tar.gz.1,,,0,PRJEB39112,ERX4996617,SAMEA7082323,ERR5191772,ERA3346421,"Emerging pan-aminoglycoside resistance among carbapenemase-producing Enterobacterales, Spain",CRE RMT WGS in Spain,AI2764 DNA,AI2764,DNA extracted from AI2764,573,Klebsiella pneumoniae,Bacteria; Pseudomonadota; Gammaproteobacteria; Enterobacterales; Enterobacteriaceae; Klebsiella,147,"Genomic DNA from Carbapenem-resistant Enterobacteriaceae was used to prepare 1D Native barcoding genomic libraries using the Ligation sequencing kit SQK-LSK109 plus the Native Barcoding Expansion kits EXP-NBD103, EXP-NBD104 and EXP-NBD114 from Oxford Nanopore Technologies (ONT).",SINGLE,FAK47108_AI2764,GridION,9096251260,https://sra-pub-src-2.s3.amazonaws.com/ERR5191772/AI2764.FAK47108.fast5s.tar.gz.1
2508,ENA,ERR5243236,https://sra-pub-src-2.s3.amazonaws.com/ERR5243236/AI2613.FAK47153.fast5s.tar.gz.1,,,0,PRJEB39112,ERX5046297,SAMEA7082316,ERR5243236,ERA3404059,"Emerging pan-aminoglycoside resistance among carbapenemase-producing Enterobacterales, Spain",CRE RMT WGS in Spain,AI2613 DNA,AI2613,DNA extracted from AI2613,550,Enterobacter cloacae,Bacteria; Pseudomonadota; Gammaproteobacteria; Enterobacterales; Enterobacteriaceae; Enterobacter; Enterobacter cloacae complex,93,"Genomic DNA from Carbapenem-resistant Enterobacteriaceae was used to prepare 1D Native barcoding genomic libraries using the Ligation sequencing kit SQK-LSK109 plus the Native Barcoding Expansion kits EXP-NBD103, EXP-NBD104 and EXP-NBD114 from Oxford Nanopore Technologies (ONT).",SINGLE,FAK47153_AI2613,MinION,39682455176,https://sra-pub-src-2.s3.amazonaws.com/ERR5243236/AI2613.FAK47153.fast5s.tar.gz.1
2510,ENA,ERR5260058,https://sra-pub-src-2.s3.amazonaws.com/ERR5260058/1314c.tar.gz.1,,,0,PRJEB42845,ERX5050453,SAMEA7984671,ERR5260058,ERA3405686,Complete genome sequences of two Xanthomonas arboricola strains isolated from blueberry bacterial leaf blight in Poland,,Xanthomonas arboricola 1314c,Xa1314ca,Xanthomonas arboricola 1314c,56448,Xanthomonas arboricola,Bacteria; Pseudomonadota; Gammaproteobacteria; Xanthomonadales; Xanthomonadaceae; Xanthomonas,1314c,,SINGLE,,MinION,23152885905,https://sra-pub-src-2.s3.amazonaws.com/ERR5260058/1314c.tar.gz.1
2690,ENA,ERR5353220,https://sra-pub-src-2.s3.amazonaws.com/ERR5353220/AI2949.FAK60492.fast5s.tar.gz.1,,,0,PRJEB42440,ERX5141255,SAMEA8065782,ERR5353220,ERA3486792,Comprehensive genomic survey of carbapenem-resistant Enterobacteriaceae in Spain,CRE global study,AI2949 DNA,AI2949,DNA extracted from AI2949,562,Escherichia coli,Bacteria; Pseudomonadota; Gammaproteobacteria; Enterobacterales; Enterobacteriaceae; Escherichia,131,"Genomic DNA from Carbapenem-resistant Enterobacteriaceae was used to prepare 1D Native barcoding genomic libraries using the Ligation sequencing kit SQK-LSK109 plus the Native Barcoding Expansion kits EXP-NBD103, EXP-NBD104 and EXP-NBD114 from Oxford Nanopore Technologies (ONT).",SINGLE,FAK60492_AI2949,GridION,8678909339,https://sra-pub-src-2.s3.amazonaws.com/ERR5353220/AI2949.FAK60492.fast5s.tar.gz.1
2827,ENA,ERR5353275,https://sra-pub-src-2.s3.amazonaws.com/ERR5353275/AI3021.FAK60499.fast5s.tar.gz.1,,,0,PRJEB42440,ERX5141310,SAMEA8065688,ERR5353275,ERA3486792,Comprehensive genomic survey of carbapenem-resistant Enterobacteriaceae in Spain,CRE global study,AI3021 DNA,AI3021,DNA extracted from AI3021,573,Klebsiella pneumoniae,Bacteria; Pseudomonadota; Gammaproteobacteria; Enterobacterales; Enterobacteriaceae; Klebsiella,15,"Genomic DNA from Carbapenem-resistant Enterobacteriaceae was used to prepare 1D Native barcoding genomic libraries using the Ligation sequencing kit SQK-LSK109 plus the Native Barcoding Expansion kits EXP-NBD103, EXP-NBD104 and EXP-NBD114 from Oxford Nanopore Technologies (ONT).",SINGLE,FAK60499_AI3021,GridION,9928336126,https://sra-pub-src-2.s3.amazonaws.com/ERR5353275/AI3021.FAK60499.fast5s.tar.gz.1
2835,ENA,ERR5420946,https://sra-pub-src-2.s3.amazonaws.com/ERR5420946/AI2918.FAK63737.fast5s.tar.gz.1,,,0,PRJEB42440,ERX5205510,SAMEA8158457,ERR5420946,ERA3552642,Comprehensive genomic survey of carbapenem-resistant Enterobacteriaceae in Spain,CRE global study,AI2918 DNA,AI2918,DNA extracted from AI2918,571,Klebsiella oxytoca,Bacteria; Pseudomonadota; Gammaproteobacteria; Enterobacterales; Enterobacteriaceae; Klebsiella,36,"Genomic DNA from Carbapenem-resistant Enterobacteriaceae was used to prepare 1D Native barcoding genomic libraries using the Ligation sequencing kit SQK-LSK109 plus the Native Barcoding Expansion kits EXP-NBD103, EXP-NBD104 and EXP-NBD114 from Oxford Nanopore Technologies (ONT).",SINGLE,FAK63737_AI2918,MinION,6516326777,https://sra-pub-src-2.s3.amazonaws.com/ERR5420946/AI2918.FAK63737.fast5s.tar.gz.1
2934,ENA,ERR5671659,https://sra-pub-src-2.s3.amazonaws.com/ERR5671659/AN2335.FAL12360.fast5s.tar.gz.1,,,0,PRJEB42440,ERX5387140,SAMEA8158439,ERR5671659,ERA3815300,Comprehensive genomic survey of carbapenem-resistant Enterobacteriaceae in Spain,CRE global study,AN2335 DNA,AN2335,DNA extracted from AN2335,244366,Klebsiella variicola,Bacteria; Pseudomonadota; Gammaproteobacteria; Enterobacterales; Enterobacteriaceae; Klebsiella,0,"Genomic DNA from Carbapenem-resistant Enterobacteriaceae was used to prepare 1D Native barcoding genomic libraries using the Ligation sequencing kit SQK-LSK109 plus the Native Barcoding Expansion kits EXP-NBD103, EXP-NBD104 and EXP-NBD114 from Oxford Nanopore Technologies (ONT).",SINGLE,FAL12360_AN2335,GridION,7527506715,https://sra-pub-src-2.s3.amazonaws.com/ERR5671659/AN2335.FAL12360.fast5s.tar.gz.1
2942,ENA,ERR10447806,https://sra-pub-src-2.s3.amazonaws.com/ERR10447806/SC469_96.tar.gz.1,,,0,PRJEB57097,ERX9972188,SAMEA111521258,ERR10447806,ERA18565060,E. coli methylation,Growth Condition Dependent Differences in Methylation Implies Transiently Differentiated DNA Methylation States in E. coli,SC469_96,ena-SAMPLE-TAB-27-10-2022-10:17:18:970-138,genomic DNA isolated from E. coli grown for 96 hours in minimal glucose media,562,Escherichia coli,Bacteria; Pseudomonadota; Gammaproteobacteria; Enterobacterales; Enterobacteriaceae; Escherichia,SC469,,SINGLE,SC469_96,MinION,9293041001,https://sra-pub-src-2.s3.amazonaws.com/ERR10447806/SC469_96.tar.gz.1
3002,ENA,ERR5859545,https://sra-pub-src-2.s3.amazonaws.com/ERR5859545/L1_NAT.tar.gz.1,,,0,PRJEB42527,ERX5505422,SAMEA8659891,ERR5859545,ERA4143681,Engineering selectivity of Cutibacterium acnes phages by epigenetic imprinting,Engineering selectivity of Cutibacterium acnes phages by epigenetic imprinting,C. acnes Nanopore sequencing,L1_NAT,C. acnes Nanopore sequencing,1747,Cutibacterium acnes,Bacteria; Actinomycetota; Actinomycetes; Propionibacteriales; Propionibacteriaceae; Cutibacterium,,,SINGLE,unspecified,MinION,8656734738,https://sra-pub-src-2.s3.amazonaws.com/ERR5859545/L1_NAT.tar.gz.1
3140,ENA,ERR668747,https://sra-pub-src-2.s3.amazonaws.com/ERR668747/H566_30_min_inc.tar.gz.1,,,0,PRJEB7681,ERX624051,SAMEA3110714,ERR668747,ERA375987,Salmonella Typhi H58 antibiotic resistance island,Salmonella Typhi H58 antibiotic resistance island,,SAMEA3110714,,90370,Salmonella enterica subsp. enterica serovar Typhi,Bacteria; Pseudomonadota; Gammaproteobacteria; Enterobacterales; Enterobacteriaceae; Salmonella; Salmonella enterica; Salmonella enterica subsp. enterica,,,SINGLE,MinION-H125160566-30min.lib,MinION,11030749847,https://sra-pub-src-2.s3.amazonaws.com/ERR668747/H566_30_min_inc.tar.gz.1
3176,ENA,ERR7058027,https://sra-pub-src-2.s3.amazonaws.com/ERR7058027/CNRVC190247.tar.gz.1,,,0,PRJEB48150,ERX6626973,SAMEA10017483,ERR7058027,ERA6737778,Genomic characterization of Vibrio cholerae strains from Yemen 2018-2019,,Genomic characterization of Vibrio cholerae strains from Yemen 2018-2019,CNRVC190247_LR,Genomic characterization of Vibrio cholerae strains from Yemen 2018-2019,666,Vibrio cholerae,Bacteria; Pseudomonadota; Gammaproteobacteria; Vibrionales; Vibrionaceae; Vibrio,,,SINGLE,unspecified,MinION,16191839270,https://sra-pub-src-2.s3.amazonaws.com/ERR7058027/CNRVC190247.tar.gz.1
3196,ENA,ERR7477284,https://sra-pub-src-2.s3.amazonaws.com/ERR7477284/403206-21.tar.gz.1,,,0,PRJEB48754,ERX7047980,SAMEA10812756,ERR7477284,ERA7553572,Diagnostic challenges within the Bacillus cereus-group: finding the beast without teeth,Diagnostic challenges within the Bacillus cereus-group,Bacillus taxonomy study,607738-19,Bacillus taxonomy study,1392,Bacillus anthracis,Bacteria; Bacillota; Bacilli; Bacillales; Bacillaceae; Bacillus,607738-19,,SINGLE,unspecified,GridION,3906039498,https://sra-pub-src-2.s3.amazonaws.com/ERR7477284/403206-21.tar.gz.1
3199,ENA,ERR7477323,https://sra-pub-src-2.s3.amazonaws.com/ERR7477323/403507-21.tar.gz.1,,,0,PRJEB48754,ERX7048019,SAMEA10812767,ERR7477323,ERA7556473,Diagnostic challenges within the Bacillus cereus-group: finding the beast without teeth,Diagnostic challenges within the Bacillus cereus-group,Bacillus taxonomy study,403206-21,Bacillus taxonomy study,1392,Bacillus anthracis,Bacteria; Bacillota; Bacilli; Bacillales; Bacillaceae; Bacillus,403206-21,,SINGLE,unspecified,GridION,7948918963,https://sra-pub-src-2.s3.amazonaws.com/ERR7477323/403507-21.tar.gz.1
3214,ENA,ERR762395,https://sra-pub-src-2.s3.amazonaws.com/ERR762395/FSC996_R73_20150119.tar.gz.1,,,0,PRJEB8500,ERX705732,SAMEA3255462,ERR762395,ERA411113,"MinION sequencing of Francisella guangzhouensis FSC996 (08HL01032, 5, CCUG 60119, NCTC 13503) isolated from air conditioning systems in Guangzhou city, China.",Francisella guangzhouensis FSC996,FSC996,1,FSC996,594679,Allofrancisella guangzhouensis,Bacteria; Pseudomonadota; Gammaproteobacteria; Thiotrichales; Francisellaceae; Allofrancisella,,,SINGLE,unspecified,MinION,76427763247,https://sra-pub-src-2.s3.amazonaws.com/ERR762395/FSC996_R73_20150119.tar.gz.1
3511,ENA,ERR850259,https://sra-pub-src-2.s3.amazonaws.com/ERR850259/kj_45b.tar.gz.1,,,0,PRJEB9065,ERX931082,SAMEA3335362,ERR850259,ERA429108,kj_45,,Escherichia coli str. K-12 substr. W3110,kj_45,Escherichia coli str. K-12 substr. W3110,316407,Escherichia coli str. K-12 substr. W3110,Bacteria; Pseudomonadota; Gammaproteobacteria; Enterobacterales; Enterobacteriaceae; Escherichia; Escherichia coli; Escherichia coli K-12,,The sample was sheared normally on g-tube,SINGLE,kj_45,MinION,1361989076,https://sra-pub-src-2.s3.amazonaws.com/ERR850259/kj_45b.tar.gz.1
3550,ENA,ERR868296,https://sra-pub-src-2.s3.amazonaws.com/ERR868296/KpBAA2146.tar.gz.1,,,0,PRJEB9295,ERX947897,SAMEA3373413,ERR868296,ERA434650,Real-time species typing and analysis of antibiotic resistance potential using Nanopore MinION sequencing,,Klebsiella pneumoniae BAA-2146,Klebsiella pneumoniae BAA-2146,Sequencing Klebsiella pneumoniae BAA-2146,1263871,Klebsiella pneumoniae ATCC BAA-2146,Bacteria; Pseudomonadota; Gammaproteobacteria; Enterobacterales; Enterobacteriaceae; Klebsiella; Klebsiella pneumoniae,,,SINGLE,Kp_BAA-2146_library,MinION,15092416590,https://sra-pub-src-2.s3.amazonaws.com/ERR868296/KpBAA2146.tar.gz.1
3765,ENA,ERR968973,https://sra-pub-src-2.s3.amazonaws.com/ERR968973/20150422_MN02862_FAA40596_BOWDEN05_MdC_MARC_Phase1b.1.tar.gz.1,,,0,PRJEB9447,ERX978765,SAMEA3403325,ERR968973,ERA459797,WTCHG_MARC_Ph1b.1,,Escherichia coli str. K-12 substr. MG1655,E. coli K12 MG1655 Ph1b.1,Escherichia coli str. K-12 substr. MG1655,511145,Escherichia coli str. K-12 substr. MG1655,Bacteria; Pseudomonadota; Gammaproteobacteria; Enterobacterales; Enterobacteriaceae; Escherichia; Escherichia coli; Escherichia coli K-12,,Nanopore Sequencing Kit protocol SQK-MAP005.1 (Version MN005_1123_revE_02Mar2015),SINGLE,MARC-Phase_Ib.1,MinION,54199050687,https://sra-pub-src-2.s3.amazonaws.com/ERR968973/20150422_MN02862_FAA40596_BOWDEN05_MdC_MARC_Phase1b.1.tar.gz.1
3769,ENA,ERR977574,https://sra-pub-src-2.s3.amazonaws.com/ERR977574/FAA37759_GB2974_MAP005_20150423__2D_basecalling_v1.14_2D.tar.gz.1,,,0,PRJEB10044,ERX1054557,SAMEA3498576,ERR977574,ERA463589,Bacteroides fragilis genome sequencing,Bacteroides fragilis BE1 genome sequencing,B.fragilis GB2974 MinION 2D reads,GB2974_MinION_2D_3,B.fragilis GB2974 MinION 2D reads,817,Bacteroides fragilis,Bacteria; Bacteroidota; Bacteroidia; Bacteroidales; Bacteroidaceae; Bacteroides,BE 1,,SINGLE,unspecified,MinION,11475359413,https://sra-pub-src-2.s3.amazonaws.com/ERR977574/FAA37759_GB2974_MAP005_20150423__2D_basecalling_v1.14_2D.tar.gz.1
3773,ENA,ERR9793808,https://sra-pub-src-2.s3.amazonaws.com/ERR9793808/kp_87441.tar.gz.1,,,0,PRJEB53051,ERX9341260,SAMEA14449073,ERR9793808,ERA14827716,Analysis of 22 E.coli and 2 K.pneumoniae isolates with plasmid-borne mcr-1.1 gene.,mcr-1-Positive Enterobacteriaceae in Russia,kp_87441,kp_87441,Klebsiella pneumoniae mcr-1-positive,573,Klebsiella pneumoniae,Bacteria; Pseudomonadota; Gammaproteobacteria; Enterobacterales; Enterobacteriaceae; Klebsiella,kp_87441,,SINGLE,mcr_positive_nanopore,MinION,5292250296,https://sra-pub-src-2.s3.amazonaws.com/ERR9793808/kp_87441.tar.gz.1
3775,ENA,ERR9793809,https://sra-pub-src-2.s3.amazonaws.com/ERR9793809/ec_102833.tar.gz.1,,,0,PRJEB53051,ERX9341261,SAMEA14449085,ERR9793809,ERA14827716,Analysis of 22 E.coli and 2 K.pneumoniae isolates with plasmid-borne mcr-1.1 gene.,mcr-1-Positive Enterobacteriaceae in Russia,ec_102833,ec_102833,Escherichia coli mcr-1-positive,562,Escherichia coli,Bacteria; Pseudomonadota; Gammaproteobacteria; Enterobacterales; Enterobacteriaceae; Escherichia,ec_102833,,SINGLE,mcr_positive_nanopore,MinION,2363915612,https://sra-pub-src-2.s3.amazonaws.com/ERR9793809/ec_102833.tar.gz.1
3862,ENA,ERR9951991,https://sra-pub-src-2.s3.amazonaws.com/ERR9951991/220131_mdr_barnyard_st3689.tar.gz.1,,,0,PRJEB54092,ERX9495411,SAMEA110279484,ERR9951991,ERA16467133,Methylation based plasmid binning using nanopore sequencing,undefined,ecoli,ecoli,E. coli DH5a with pRW62 plasmid,562,Escherichia coli,Bacteria; Pseudomonadota; Gammaproteobacteria; Enterobacterales; Enterobacteriaceae; Escherichia,,,SINGLE,ecoli_dh5a,MinION,10154039950,https://sra-pub-src-2.s3.amazonaws.com/ERR9951991/220131_mdr_barnyard_st3689.tar.gz.1
4044,ENA,ERR1474979,https://sra-pub-src-2.s3.amazonaws.com/ERR1474979/KpBAA2146.tar.gz.1,,,0,PRJEB14532,ERX1546114,SAMEA4052062,ERR1474979,ERA665518,Real-time species typing and analysis of antibiotic resistance potential using Nanopore MinION sequencing,Real-time species typing and analysis of antibiotic resistance potential using Nanopore MinION sequencing,MinION Sequencing Klebsiella pneumoniae ATCC BAA-2146,9,Klebsiella pneumoniae ATCC BAA-2146,1263871,Klebsiella pneumoniae ATCC BAA-2146,Bacteria; Pseudomonadota; Gammaproteobacteria; Enterobacterales; Enterobacteriaceae; Klebsiella; Klebsiella pneumoniae,clinical,,SINGLE,Kp_BAA-2146_library,MinION,15092416590,https://sra-pub-src-2.s3.amazonaws.com/ERR1474979/KpBAA2146.tar.gz.1
4045,ENA,ERR1474980,https://sra-pub-src-2.s3.amazonaws.com/ERR1474980/Kp700603.tar.gz.1,,,0,PRJEB14532,ERX1546115,SAMEA4052063,ERR1474980,ERA665518,Real-time species typing and analysis of antibiotic resistance potential using Nanopore MinION sequencing,Real-time species typing and analysis of antibiotic resistance potential using Nanopore MinION sequencing,MinION Sequencing Klebsiella pneumoniae 700603,10,Klebsiella pneumoniae 700603,1276653,Klebsiella pneumoniae 700603,Bacteria; Pseudomonadota; Gammaproteobacteria; Enterobacterales; Enterobacteriaceae; Klebsiella; Klebsiella pneumoniae,clinical,,SINGLE,Kp_ATCC-700603_library,MinION,5433965162,https://sra-pub-src-2.s3.amazonaws.com/ERR1474980/Kp700603.tar.gz.1
4060,ENA,ERR1769944,https://sra-pub-src-2.s3.amazonaws.com/ERR1769944/GOX04.tar.gz.1,,,0,PRJEB18739,ERX1835292,SAMEA37046668,ERR1769944,ERA782498,High precision genome sequencing of engineered cell factories by combining long nanopore reads and short accurate Illumina reads,Gluconobacter factory,IK003.1,IK003.1,IK003.1,290633,Gluconobacter oxydans 621H,Bacteria; Pseudomonadota; Alphaproteobacteria; Rhodospirillales; Acetobacteraceae; Gluconobacter; Gluconobacter oxydans,,R9,SINGLE,GOX04,MinION,110328521789,https://sra-pub-src-2.s3.amazonaws.com/ERR1769944/GOX04.tar.gz.1
4062,ENA,ERR1876249,https://sra-pub-src-2.s3.amazonaws.com/ERR1876249/KdGC77.tar.gz.1,,,0,PRJEB19887,ERX1936774,SAMEA103898085,ERR1876249,ERA835225,Kingella dentrificans GC77 draft assembly,Kingella dentrificans GC77,K. denitrificans GC77 MinION run,GC77 MinION1,K. denitrificans GC77 MinION run,502,Kingella denitrificans,Bacteria; Pseudomonadota; Betaproteobacteria; Neisseriales; Neisseriaceae; Kingella,,Nanopore Sequencing Kit,SINGLE,GC77,MinION,12629412430,https://sra-pub-src-2.s3.amazonaws.com/ERR1876249/KdGC77.tar.gz.1
4063,ENA,ERR1898312,https://sra-pub-src-2.s3.amazonaws.com/ERR1898312/reads_7771_R7.3.tar.gz.1,,,0,PRJEB19372,ERX1958702,SAMEA103935362,ERR1898312,ERA861324,This study aims the genome sequencing of the symbiont Bacteroides uniformis CECT 7771 isolated from infant feces as well as the characterization of its genome response to different carbon sources through a RNA seq approach.,Genome analysis of the Bacteroides uniformis CECT 7771.,Genome and transcriptome of the Bacteroides uniformis CECT 7771,Bacteroides uniformis CECT 77711,Genome sequencing of the Bacteroides uniformis CECT 7771 by nanopore technology. Transcriptomic analysis under anaerobic culture using different carbon sources.,820,Bacteroides uniformis,Bacteria; Bacteroidota; Bacteroidia; Bacteroidales; Bacteroidaceae; Bacteroides,,SQK-MAP006,SINGLE,unspecified,MinION,107021000718,https://sra-pub-src-2.s3.amazonaws.com/ERR1898312/reads_7771_R7.3.tar.gz.1
4078,ENA,ERR2137852,https://sra-pub-src-2.s3.amazonaws.com/ERR2137852/MARC_ZFscreens_R9.4_2D-Ecoli-run_FAF05711.tar.gz.1,,,0,PRJEB22772,ERX2194401,SAMEA104318148,ERR2137852,ERA1103560,Nanopore sequencing of E. coli with R9.4 chemistry to provide a reference for this chemistry version.,lab5 R9.4 bridging experiment,marc_E_coli_K12_MG1655,marc_E_coli_K12_MG1655,E.coli K12 MG1655,511145,Escherichia coli str. K-12 substr. MG1655,Bacteria; Pseudomonadota; Gammaproteobacteria; Enterobacterales; Enterobacteriaceae; Escherichia; Escherichia coli; Escherichia coli K-12,,After shearing in a g-TUBE DNA fragments were end prepped and subsequently sequencing adapters and hairpins were ligated to these fragments. After purification library was directly sequenced.,SINGLE,SQK-LSK208,MinION,121455960786,https://sra-pub-src-2.s3.amazonaws.com/ERR2137852/MARC_ZFscreens_R9.4_2D-Ecoli-run_FAF05711.tar.gz.1
4095,ENA,ERR2503999,https://sra-pub-src-2.s3.amazonaws.com/ERR2503999/WHO_Z.tar.gz.1,,,0,PRJEB25703,ERX2523242,SAMEA1056774,ERR2503999,ERA1271414,Golparian et al. WGS of Neisseria gonorrhoeae using MinION sequencer (Oxford Nanopore Technologies).,ONT MinION sequencer: WGS of Neisseria gonorrhoeae,WHO Z,WHO Z,2016 WHO Neisseria gonorrhoeae reference strain,485,Neisseria gonorrhoeae,Bacteria; Pseudomonadota; Betaproteobacteria; Neisseriales; Neisseriaceae; Neisseria,,SQK-LSK208 2D,SINGLE,WHO Z,MinION,85024512846,https://sra-pub-src-2.s3.amazonaws.com/ERR2503999/WHO_Z.tar.gz.1
4107,ENA,ERR2697194,https://sra-pub-src-2.s3.amazonaws.com/ERR2697194/bc02.tar.gz.1,,,0,PRJEB27721,ERX2711587,SAMEA4786367,ERR2697194,ERA1540908,MinION sequencing determines genome structure of P. aeruginosa,MinION of P. aeruginosa,MinION sequencing of P. aeruginosa,PAn_nfxC mutant,nfxC mutant engineered from PA_parent,287,Pseudomonas aeruginosa,Bacteria; Pseudomonadota; Gammaproteobacteria; Pseudomonadales; Pseudomonadaceae; Pseudomonas,PA01 ATCC15692,,SINGLE,unspecified,MinION,73520661360,https://sra-pub-src-2.s3.amazonaws.com/ERR2697194/bc02.tar.gz.1
4195,ENA,ERR2868914,https://sra-pub-src-2.s3.amazonaws.com/ERR2868914/KP257_NB11.tar.gz.1,,,0,PRJEB29521,ERX2874789,SAMEA5066644,ERR2868914,ERA1647307,Colistin resistance in Klebsiella pneumoniae,Colistin resistance in Klebsiella pneumoniae,Klebsiella pneumoniae,KP257,Nosocomial colistin susceptible Klebsiella pneumoniae,573,Klebsiella pneumoniae,Bacteria; Pseudomonadota; Gammaproteobacteria; Enterobacterales; Enterobacteriaceae; Klebsiella,KP257,2D library preperation,SINGLE,KP257,MinION,46091197044,https://sra-pub-src-2.s3.amazonaws.com/ERR2868914/KP257_NB11.tar.gz.1
4232,ENA,ERR3224043,https://sra-pub-src-2.s3.amazonaws.com/ERR3224043/Nanopore_raw.tar.gz.1,,,0,PRJEB31709,ERX3251499,SAMEA5419084,ERR3224043,ERA1771284,M.tundrae T4,Methylocella tundrae T4 genome,M. Tundrae T4 raw reads Minion sequencing,MTUNDRAET4 Raw Minion,These are the raw reads from sequencing DNA extracted from Methylocella tundrae T4 with two sequencing technologies: paired-end (2x150bp) Illumina Miseq technology end Minion Nanopore technology.,227605,Methylocella tundrae,Bacteria; Pseudomonadota; Alphaproteobacteria; Hyphomicrobiales; Beijerinckiaceae; Methylocella,,,SINGLE,unspecified,MinION,32755034796,https://sra-pub-src-2.s3.amazonaws.com/ERR3224043/Nanopore_raw.tar.gz.1
4266,ENA,ERR3654115,https://sra-pub-src-2.s3.amazonaws.com/ERR3654115/20-16.tar.gz.1,,,0,PRJEB34353,ERX3646131,SAMEA5949514,ERR3654115,ERA2285148,a polyclonal multi-species outbreak ofn NDM-1 producing Bacteriales in a single hospital,A polyclonal multi-species outbreak of NDM-1 producing Bacteriales in a single hospital,20-16,20-16,genomic DNA,546,Citrobacter freundii,Bacteria; Pseudomonadota; Gammaproteobacteria; Enterobacterales; Enterobacteriaceae; Citrobacter; Citrobacter freundii complex,20-16,,SINGLE,unspecified,MinION,22502095606,https://sra-pub-src-2.s3.amazonaws.com/ERR3654115/20-16.tar.gz.1
4483,ENA,ERR3798592,https://sra-pub-src-2.s3.amazonaws.com/ERR3798592/9401240.fast5.tar.gz.1,,,0,PRJEB35407,ERX3800559,SAMEA6227228,ERR3798592,ERA2335787,Five Streptococcus suis complete genomes,MRA_Ssuis_genomes,Streptococcus suis isolated from diseased pig,9401240,Streptococcus suis isolated from diseased pig,1307,Streptococcus suis,Bacteria; Bacillota; Bacilli; Lactobacillales; Streptococcaceae; Streptococcus,9401240,,SINGLE,unspecified,MinION,2074569931,https://sra-pub-src-2.s3.amazonaws.com/ERR3798592/9401240.fast5.tar.gz.1
4620,ENA,ERR4327118,https://sra-pub-src-2.s3.amazonaws.com/ERR4327118/CFBP_2044_BC16.tar.gz.1,,,0,PRJEB38812,ERX4273952,SAMEA6962648,ERR4327118,ERA2764785,Complete or high-quality draft genome sequences of six Xanthomonas hortorum strains sequenced with short- and long-read technologies,Six Xanthomonas hortorum strains genomes,Xanthomonas cynarae CFBP 2044,CFBP 2044,Xanthomonas cynarae CFBP 2044,109214,Xanthomonas cynarae,Bacteria; Pseudomonadota; Gammaproteobacteria; Xanthomonadales; Xanthomonadaceae; Xanthomonas; Xanthomonas hortorum,P52,,SINGLE,CFBP 2044 long reads,MinION,1848211844,https://sra-pub-src-2.s3.amazonaws.com/ERR4327118/CFBP_2044_BC16.tar.gz.1
4624,ENA,ERR4327121,https://sra-pub-src-2.s3.amazonaws.com/ERR4327121/CFBP_8129_BC20.tar.gz.1,,,0,PRJEB38812,ERX4273955,SAMEA6962651,ERR4327121,ERA2764785,Complete or high-quality draft genome sequences of six Xanthomonas hortorum strains sequenced with short- and long-read technologies,Six Xanthomonas hortorum strains genomes,Xanthomonas gardneri CFBP 8129,CFBP 8129,Xanthomonas gardneri CFBP 8129,90270,Xanthomonas gardneri,Bacteria; Pseudomonadota; Gammaproteobacteria; Xanthomonadales; Xanthomonadaceae; Xanthomonas; Xanthomonas hortorum,,,SINGLE,CFBP 8129 long reads,MinION,3173893755,https://sra-pub-src-2.s3.amazonaws.com/ERR4327121/CFBP_8129_BC20.tar.gz.1
4691,ENA,ERR4554022,https://sra-pub-src-2.s3.amazonaws.com/ERR4554022/Sal_nanopore_bascalled_guppy.tar.gz.1,,,0,PRJEB39818,ERX4490392,SAMEA7280740,ERR4554022,ERA2825861,High throughput sequencing provides exact genomic locations of inducible prophages and accurate phage-to-host ratios in gut microbial strains,Prophage induction,Sal_nanopore,Sal_nanopore,NanoPore reads from S. Tm LT2p22,90371,Salmonella enterica subsp. enterica serovar Typhimurium,Bacteria; Pseudomonadota; Gammaproteobacteria; Enterobacterales; Enterobacteriaceae; Salmonella; Salmonella enterica; Salmonella enterica subsp. enterica,,SQK-RAD004,SINGLE,unspecified,MinION,11783733980,https://sra-pub-src-2.s3.amazonaws.com/ERR4554022/Sal_nanopore_bascalled_guppy.tar.gz.1
4708,ENA,ERR4593529,https://sra-pub-src-2.s3.amazonaws.com/ERR4593529/Vibrio_618_pass.tar.gz.1,,,0,PRJEB36532,ERX4527191,SAMEA7314594,ERR4593529,ERA2881760,Vibrio sp. genomes isolated from the Bay of Biscay,,618,Vibrio 618,Genome of Vibrio 618,29497,Vibrio splendidus,Bacteria; Pseudomonadota; Gammaproteobacteria; Vibrionales; Vibrionaceae; Vibrio,,,SINGLE,unspecified,MinION,6405359272,https://sra-pub-src-2.s3.amazonaws.com/ERR4593529/Vibrio_618_pass.tar.gz.1
4718,ENA,ERR4656971,https://sra-pub-src-2.s3.amazonaws.com/ERR4656971/LMG_31885_BC14.tar.gz.1,,,0,PRJEB38813,ERX4580673,SAMEA7356590,ERR4656971,ERA2939317,Complete genome sequences of four Xanthomonas hortorum species level clade strains sequenced with short- and long-read technologies,Xanthomonas hortorum species level clade strains isolated from hydrangea,Xanthomonas hydrangeae LMG 31885,LMG 31885,Xanthomonas hydrangeae LMG 31885,2775159,Xanthomonas hydrangeae,Bacteria; Pseudomonadota; Gammaproteobacteria; Xanthomonadales; Xanthomonadaceae; Xanthomonas,GBBC 2128,,SINGLE,LMG 31885 long reads,MinION,1767501033,https://sra-pub-src-2.s3.amazonaws.com/ERR4656971/LMG_31885_BC14.tar.gz.1
4720,ENA,ERR4699901,https://sra-pub-src-2.s3.amazonaws.com/ERR4699901/BC05.tar.gz.1,,,0,PRJEB40551,ERX4620929,SAMEA7354490,ERR4699901,ERA3011688,Re-sequencing of Klebsiella pneumoniae RH201207,Re-sequencing of Klebsiella pneumoniae RH201207,Re-sequencing of RH201207,RH2012071,Re-sequencing of Klebsiella pneumoniae strain RH201207,573,Klebsiella pneumoniae,Bacteria; Pseudomonadota; Gammaproteobacteria; Enterobacterales; Enterobacteriaceae; Klebsiella,RH201207,Nanopore 1D sequencing library was prepared using the genomic DNA by ligation sequencing kit SQK-LSK109 and barcoded using the barcoding extension kit EXP-NPB104,SINGLE,RH201207,GridION,2283813386,https://sra-pub-src-2.s3.amazonaws.com/ERR4699901/BC05.tar.gz.1
4996,ENA,ERR5159245,https://sra-pub-src-2.s3.amazonaws.com/ERR5159245/KPA171202_H2_NAT.tar.gz.1,,,0,PRJEB42527,ERX4964216,SAMEA7838235,ERR5159245,ERA3313173,Engineering selectivity of Cutibacterium acnes phages by epigenetic imprinting,Engineering selectivity of Cutibacterium acnes phages by epigenetic imprinting,C. acnes nanopore sequencing,KPA171202_H2,C. acnes nanopore sequencing,1747,Cutibacterium acnes,Bacteria; Actinomycetota; Actinomycetes; Propionibacteriales; Propionibacteriaceae; Cutibacterium,,,SINGLE,unspecified,MinION,9175670299,https://sra-pub-src-2.s3.amazonaws.com/ERR5159245/KPA171202_H2_NAT.tar.gz.1
5087,ENA,ERR5260055,https://sra-pub-src-2.s3.amazonaws.com/ERR5260055/CFBP6600.tar.gz.1,,,0,PRJEB42844,ERX5050450,SAMEA7984668,ERR5260055,ERA3405686,"Complete genome and plasmid sequence data of three Xanthomonas arboricola pv. corylina, the bacterium responsible for bacterial blight of hazelnut",,Xanthomonas arboricola pv. corylina CFBP 6600,CFBP 6600,Xanthomonas arboricola pv. corylina CFBP 6600,487821,Xanthomonas arboricola pv. corylina,Bacteria; Pseudomonadota; Gammaproteobacteria; Xanthomonadales; Xanthomonadaceae; Xanthomonas; Xanthomonas arboricola,K100-1,,SINGLE,,MinION,4750997290,https://sra-pub-src-2.s3.amazonaws.com/ERR5260055/CFBP6600.tar.gz.1
5089,ENA,ERR5260057,https://sra-pub-src-2.s3.amazonaws.com/ERR5260057/1311a.tar.gz.1,,,0,PRJEB42845,ERX5050452,SAMEA7984670,ERR5260057,ERA3405686,Complete genome sequences of two Xanthomonas arboricola strains isolated from blueberry bacterial leaf blight in Poland,,Xanthomonas arboricola 1311a,Xa1311a,Xanthomonas arboricola 1311a,56448,Xanthomonas arboricola,Bacteria; Pseudomonadota; Gammaproteobacteria; Xanthomonadales; Xanthomonadaceae; Xanthomonas,1311a,,SINGLE,,MinION,10880499603,https://sra-pub-src-2.s3.amazonaws.com/ERR5260057/1311a.tar.gz.1
5100,ENA,ERR5295497,https://sra-pub-src-2.s3.amazonaws.com/ERR5295497/AI2668.FAK47421.fast5s.tar.gz.1,,,0,PRJEB42440,ERX5085122,SAMEA7962748,ERR5295497,ERA3444440,Comprehensive genomic survey of carbapenem-resistant Enterobacteriaceae in Spain,CRE global study,AI2668 DNA,AI2668,DNA extracted from AI2668,546,Citrobacter freundii,Bacteria; Pseudomonadota; Gammaproteobacteria; Enterobacterales; Enterobacteriaceae; Citrobacter; Citrobacter freundii complex,18,"Genomic DNA from Carbapenem-resistant Enterobacteriaceae was used to prepare 1D Native barcoding genomic libraries using the Ligation sequencing kit SQK-LSK109 plus the Native Barcoding Expansion kits EXP-NBD103, EXP-NBD104 and EXP-NBD114 from Oxford Nanopore Technologies (ONT).",SINGLE,FAK47421_AI2668,MinION,44023219465,https://sra-pub-src-2.s3.amazonaws.com/ERR5295497/AI2668.FAK47421.fast5s.tar.gz.1
5118,ENA,ERR5295516,https://sra-pub-src-2.s3.amazonaws.com/ERR5295516/AI2689.FAK47252.fast5s.tar.gz.1,,,0,PRJEB42440,ERX5085141,SAMEA7962767,ERR5295516,ERA3444440,Comprehensive genomic survey of carbapenem-resistant Enterobacteriaceae in Spain,CRE global study,AI2689 DNA,AI2689,DNA extracted from AI2689,550,Enterobacter cloacae,Bacteria; Pseudomonadota; Gammaproteobacteria; Enterobacterales; Enterobacteriaceae; Enterobacter; Enterobacter cloacae complex,171,"Genomic DNA from Carbapenem-resistant Enterobacteriaceae was used to prepare 1D Native barcoding genomic libraries using the Ligation sequencing kit SQK-LSK109 plus the Native Barcoding Expansion kits EXP-NBD103, EXP-NBD104 and EXP-NBD114 from Oxford Nanopore Technologies (ONT).",SINGLE,FAK47252_AI2689,GridION,9382794420,https://sra-pub-src-2.s3.amazonaws.com/ERR5295516/AI2689.FAK47252.fast5s.tar.gz.1
5126,ENA,ERR5295524,https://sra-pub-src-2.s3.amazonaws.com/ERR5295524/AI2699.FAK47252.fast5s.tar.gz.1,,,0,PRJEB42440,ERX5085149,SAMEA7962775,ERR5295524,ERA3444440,Comprehensive genomic survey of carbapenem-resistant Enterobacteriaceae in Spain,CRE global study,AI2699 DNA,AI2699,DNA extracted from AI2699,571,Klebsiella oxytoca,Bacteria; Pseudomonadota; Gammaproteobacteria; Enterobacterales; Enterobacteriaceae; Klebsiella,325,"Genomic DNA from Carbapenem-resistant Enterobacteriaceae was used to prepare 1D Native barcoding genomic libraries using the Ligation sequencing kit SQK-LSK109 plus the Native Barcoding Expansion kits EXP-NBD103, EXP-NBD104 and EXP-NBD114 from Oxford Nanopore Technologies (ONT).",SINGLE,FAK47252_AI2699,GridION,8680874705,https://sra-pub-src-2.s3.amazonaws.com/ERR5295524/AI2699.FAK47252.fast5s.tar.gz.1
5133,ENA,ERR5332016,https://sra-pub-src-2.s3.amazonaws.com/ERR5332016/nanopore_sodalis_dw23_fast5.tar.gz.1,,,0,PRJEB43208,ERX5120400,SAMEA8114438,ERR5332016,ERA3473364,ONT genome sequencing Sodalis dw23,Sodalis dw23 genome,Sodalis dw23,Sodalis dw23,Dead wood associated free-living bacterium from the genus Sodalis.,2697027,Sodalis ligni,Bacteria; Pseudomonadota; Gammaproteobacteria; Enterobacterales; Bruguierivoracaceae; Sodalis,,"SQK-LSK108 ligation kit, flow-cell FLO-MIN106",SINGLE,sod_dw23,MinION,132327873209,https://sra-pub-src-2.s3.amazonaws.com/ERR5332016/nanopore_sodalis_dw23_fast5.tar.gz.1
5167,ENA,ERR5353121,https://sra-pub-src-2.s3.amazonaws.com/ERR5353121/AI2826.FAK60674.fast5s.tar.gz.1,,,0,PRJEB42440,ERX5141156,SAMEA8065677,ERR5353121,ERA3486792,Comprehensive genomic survey of carbapenem-resistant Enterobacteriaceae in Spain,CRE global study,AI2826 DNA,AI2826,DNA extracted from AI2826,546,Citrobacter freundii,Bacteria; Pseudomonadota; Gammaproteobacteria; Enterobacterales; Enterobacteriaceae; Citrobacter; Citrobacter freundii complex,22,"Genomic DNA from Carbapenem-resistant Enterobacteriaceae was used to prepare 1D Native barcoding genomic libraries using the Ligation sequencing kit SQK-LSK109 plus the Native Barcoding Expansion kits EXP-NBD103, EXP-NBD104 and EXP-NBD114 from Oxford Nanopore Technologies (ONT).",SINGLE,FAK60674_AI2826,MinION,6303957432,https://sra-pub-src-2.s3.amazonaws.com/ERR5353121/AI2826.FAK60674.fast5s.tar.gz.1
5183,ENA,ERR5353153,https://sra-pub-src-2.s3.amazonaws.com/ERR5353153/AI2857.FAK60493.fast5s.tar.gz.1,,,0,PRJEB42440,ERX5141188,SAMEA8065715,ERR5353153,ERA3486792,Comprehensive genomic survey of carbapenem-resistant Enterobacteriaceae in Spain,CRE global study,AI2857 DNA,AI2857,DNA extracted from AI2857,615,Serratia marcescens,Bacteria; Pseudomonadota; Gammaproteobacteria; Enterobacterales; Yersiniaceae; Serratia,0,"Genomic DNA from Carbapenem-resistant Enterobacteriaceae was used to prepare 1D Native barcoding genomic libraries using the Ligation sequencing kit SQK-LSK109 plus the Native Barcoding Expansion kits EXP-NBD103, EXP-NBD104 and EXP-NBD114 from Oxford Nanopore Technologies (ONT).",SINGLE,FAK60493_AI2857,MinION,9098864603,https://sra-pub-src-2.s3.amazonaws.com/ERR5353153/AI2857.FAK60493.fast5s.tar.gz.1
5197,ENA,ERR5353180,https://sra-pub-src-2.s3.amazonaws.com/ERR5353180/AI2884.FAK60889.fast5s.tar.gz.1,,,0,PRJEB42440,ERX5141215,SAMEA8065742,ERR5353180,ERA3486792,Comprehensive genomic survey of carbapenem-resistant Enterobacteriaceae in Spain,CRE global study,AI2884 DNA,AI2884,DNA extracted from AI2884,615,Serratia marcescens,Bacteria; Pseudomonadota; Gammaproteobacteria; Enterobacterales; Yersiniaceae; Serratia,0,"Genomic DNA from Carbapenem-resistant Enterobacteriaceae was used to prepare 1D Native barcoding genomic libraries using the Ligation sequencing kit SQK-LSK109 plus the Native Barcoding Expansion kits EXP-NBD103, EXP-NBD104 and EXP-NBD114 from Oxford Nanopore Technologies (ONT).",SINGLE,FAK60889_AI2884,MinION,8947311714,https://sra-pub-src-2.s3.amazonaws.com/ERR5353180/AI2884.FAK60889.fast5s.tar.gz.1
5252,ENA,ERR5353270,https://sra-pub-src-2.s3.amazonaws.com/ERR5353270/AI3010.FAK60492.fast5s.tar.gz.1,,,0,PRJEB42440,ERX5141305,SAMEA8065841,ERR5353270,ERA3486792,Comprehensive genomic survey of carbapenem-resistant Enterobacteriaceae in Spain,CRE global study,AI3010 DNA,AI3010,DNA extracted from AI3010,1463165,Klebsiella quasipneumoniae,Bacteria; Pseudomonadota; Gammaproteobacteria; Enterobacterales; Enterobacteriaceae; Klebsiella,0,"Genomic DNA from Carbapenem-resistant Enterobacteriaceae was used to prepare 1D Native barcoding genomic libraries using the Ligation sequencing kit SQK-LSK109 plus the Native Barcoding Expansion kits EXP-NBD103, EXP-NBD104 and EXP-NBD114 from Oxford Nanopore Technologies (ONT).",SINGLE,FAK60492_AI3010,GridION,26214104463,https://sra-pub-src-2.s3.amazonaws.com/ERR5353270/AI3010.FAK60492.fast5s.tar.gz.1
5293,ENA,ERR5420985,https://sra-pub-src-2.s3.amazonaws.com/ERR5420985/AN2351.FAL12022.fast5s.tar.gz.1,,,0,PRJEB42440,ERX5205549,SAMEA8158505,ERR5420985,ERA3552642,Comprehensive genomic survey of carbapenem-resistant Enterobacteriaceae in Spain,CRE global study,AN2351 DNA,AN2351,DNA extracted from AN2351,545,Citrobacter koseri,Bacteria; Pseudomonadota; Gammaproteobacteria; Enterobacterales; Enterobacteriaceae; Citrobacter,0,"Genomic DNA from Carbapenem-resistant Enterobacteriaceae was used to prepare 1D Native barcoding genomic libraries using the Ligation sequencing kit SQK-LSK109 plus the Native Barcoding Expansion kits EXP-NBD103, EXP-NBD104 and EXP-NBD114 from Oxford Nanopore Technologies (ONT).",SINGLE,FAL12022_AN2351,GridION,21928753861,https://sra-pub-src-2.s3.amazonaws.com/ERR5420985/AN2351.FAL12022.fast5s.tar.gz.1
5412,ENA,ERR6415087,https://sra-pub-src-2.s3.amazonaws.com/ERR6415087/G2.tar.gz.1,,,0,PRJEB26715,ERX6042952,SAMEA4663403,ERR6415087,ERA5468970,Avian Chlamydia abortus genomes sequencing study.,Avian C. abortus genomes,Avian Chlamydia abortus,1,Avian Chlamydia abortus,83555,Chlamydia abortus,Bacteria; Chlamydiota; Chlamydiia; Chlamydiales; Chlamydiaceae; Chlamydia,,,SINGLE,unspecified,MinION,77415321579,https://sra-pub-src-2.s3.amazonaws.com/ERR6415087/G2.tar.gz.1
5486,ENA,ERR7671854,https://sra-pub-src-2.s3.amazonaws.com/ERR7671854/Stup19_F108.tar.gz.1,,,0,PRJEB49330,ERX7240837,SAMEA11595147,ERR7671854,ERA7748149,Complete genome sequence of Streptomyces albidoflavus CCOS 2040,,Streptomyces albidoflavus CCOS 2040,Stup19_F108,Streptomyces albidoflavus CCOS 2040,1886,Streptomyces albidoflavus,Bacteria; Actinomycetota; Actinomycetes; Kitasatosporales; Streptomycetaceae; Streptomyces,Stup19_F108,,SINGLE,CCOS 2040 (Stup19_F108) MinION,MinION,4188535365,https://sra-pub-src-2.s3.amazonaws.com/ERR7671854/Stup19_F108.tar.gz.1
5766,ENA,ERR850260,https://sra-pub-src-2.s3.amazonaws.com/ERR850260/kj_45c.tar.gz.1,,,0,PRJEB9065,ERX931082,SAMEA3335362,ERR850260,ERA429108,kj_45,,Escherichia coli str. K-12 substr. W3110,kj_45,Escherichia coli str. K-12 substr. W3110,316407,Escherichia coli str. K-12 substr. W3110,Bacteria; Pseudomonadota; Gammaproteobacteria; Enterobacterales; Enterobacteriaceae; Escherichia; Escherichia coli; Escherichia coli K-12,,The sample was sheared normally on g-tube,SINGLE,kj_45,MinION,1289872912,https://sra-pub-src-2.s3.amazonaws.com/ERR850260/kj_45c.tar.gz.1
6132,ENA,ERR9951992,https://sra-pub-src-2.s3.amazonaws.com/ERR9951992/220131_mdr_barnyard_st3294.tar.gz.1,,,0,PRJEB54092,ERX9495412,SAMEA110279485,ERR9951992,ERA16467133,Methylation based plasmid binning using nanopore sequencing,undefined,staph,staph,S. aureus RN4220 with pRW62 plasmid,1280,Staphylococcus aureus,Bacteria; Bacillota; Bacilli; Bacillales; Staphylococcaceae; Staphylococcus,,,SINGLE,staph_RN4220,MinION,8386768031,https://sra-pub-src-2.s3.amazonaws.com/ERR9951992/220131_mdr_barnyard_st3294.tar.gz.1
10863,ENA,ERR2503988,https://sra-pub-src-2.s3.amazonaws.com/ERR2503988/WHO_K.tar.gz.1,,,0,PRJEB25703,ERX2523231,SAMEA1056763,ERR2503988,ERA1271414,Golparian et al. WGS of Neisseria gonorrhoeae using MinION sequencer (Oxford Nanopore Technologies).,ONT MinION sequencer: WGS of Neisseria gonorrhoeae,WHO K,WHO K,2016 WHO Neisseria gonorrhoeae reference strain,485,Neisseria gonorrhoeae,Bacteria; Pseudomonadota; Betaproteobacteria; Neisseriales; Neisseriaceae; Neisseria,,SQK-LSK208 2D,SINGLE,WHO K,MinION,97532042663,https://sra-pub-src-2.s3.amazonaws.com/ERR2503988/WHO_K.tar.gz.1
10871,ENA,ERR2603589,https://sra-pub-src-2.s3.amazonaws.com/ERR2603589/E3090_nanopore.tar.gz.1,,,0,PRJEB27030,ERX2620245,SAMEA4699317,ERR2603589,ERA1502198,Mechanisms of colistin resistance in nosocomial Escherichia bloodstream isolates,Colistin resistance in nosocomial Escherichia isolates,Colistin resistant Escherichia coli isolate,E3090,Colistin resistant Escherichia coli isolate obtained from a positive bloodculture,562,Escherichia coli,Bacteria; Pseudomonadota; Gammaproteobacteria; Enterobacterales; Enterobacteriaceae; Escherichia,E3090,2D library preperation,SINGLE,E3090,MinION,47545155827,https://sra-pub-src-2.s3.amazonaws.com/ERR2603589/E3090_nanopore.tar.gz.1
10872,ENA,ERR2697193,https://sra-pub-src-2.s3.amazonaws.com/ERR2697193/bc01.tar.gz.1,,,0,PRJEB27721,ERX2711586,SAMEA4786366,ERR2697193,ERA1540908,MinION sequencing determines genome structure of P. aeruginosa,MinION of P. aeruginosa,MinION sequencing of P. aeruginosa,PA_parent,MinION sequencing of P. aeruginosa,287,Pseudomonas aeruginosa,Bacteria; Pseudomonadota; Gammaproteobacteria; Pseudomonadales; Pseudomonadaceae; Pseudomonas,PA01 ATCC15692,,SINGLE,unspecified,MinION,64322852029,https://sra-pub-src-2.s3.amazonaws.com/ERR2697193/bc01.tar.gz.1
10907,ENA,ERR2868915,https://sra-pub-src-2.s3.amazonaws.com/ERR2868915/KP402_NB12.tar.gz.1,,,0,PRJEB29521,ERX2874790,SAMEA5066645,ERR2868915,ERA1647307,Colistin resistance in Klebsiella pneumoniae,Colistin resistance in Klebsiella pneumoniae,Klebsiella variicola,KV402,Nosocomial colistin susceptible Klebsiella variicola,244366,Klebsiella variicola,Bacteria; Pseudomonadota; Gammaproteobacteria; Enterobacterales; Enterobacteriaceae; Klebsiella,KV402,2D library preperation,SINGLE,KP402,MinION,19314863656,https://sra-pub-src-2.s3.amazonaws.com/ERR2868915/KP402_NB12.tar.gz.1
10921,ENA,ERR3097879,https://sra-pub-src-2.s3.amazonaws.com/ERR3097879/fast5.tar.gz.1,,,0,PRJEB30861,ERX3158459,SAMEA5228844;SAMEA5228845;SAMEA5228846;SAMEA5228847;SAMEA5228848,ERR3097879,ERA1729783,M. tuberculosis MinION Mykrobe test,M. tuberculosis MinION Mykrobe test,Mycobacterium tuberculosis,5-170616182;3-170616229;4-170616205;1-170616007;2-170613843,Mycobacterium tuberculosis,1773,Mycobacterium tuberculosis,Bacteria; Actinomycetota; Actinomycetes; Mycobacteriales; Mycobacteriaceae; Mycobacterium; Mycobacterium tuberculosis complex,,,SINGLE,Pool 1-5,MinION,18181053879,https://sra-pub-src-2.s3.amazonaws.com/ERR3097879/fast5.tar.gz.1
16213,ENA,ERR10096274,https://sra-pub-src-2.s3.amazonaws.com/ERR10096274/FAR49732-R6x.tar.gz.1,,,0,PRJEB55348,ERX9634063,SAMEA110662760,ERR10096274,ERA17022104,Streptococcus_pneumoniae_R6x_cps99_4038_genome_sequencing_and_assembly,Streptococcus_pneumoniae_R6x_cps99_4038_genome_sequencing_and_assembly,R6x::cps99-4038,75f9e658-1d54-11ed-ac3e-fa163eea3084,R6x::cps99-4038,1313,Streptococcus pneumoniae,Bacteria; Bacillota; Bacilli; Lactobacillales; Streptococcaceae; Streptococcus,,,SINGLE,,MinION,4525731912,https://sra-pub-src-2.s3.amazonaws.com/ERR10096274/FAR49732-R6x.tar.gz.1
17097,ENA,ERR668746,https://sra-pub-src-2.s3.amazonaws.com/ERR668746/H566_ON_inc.tar.gz.1,,,0,PRJEB7681,ERX624050,SAMEA3110714,ERR668746,ERA375685,Salmonella Typhi H58 antibiotic resistance island,Salmonella Typhi H58 antibiotic resistance island,,SAMEA3110714,,90370,Salmonella enterica subsp. enterica serovar Typhi,Bacteria; Pseudomonadota; Gammaproteobacteria; Enterobacterales; Enterobacteriaceae; Salmonella; Salmonella enterica; Salmonella enterica subsp. enterica,,,SINGLE,MinION-H125160566-ON.lib,MinION,5342564387,https://sra-pub-src-2.s3.amazonaws.com/ERR668746/H566_ON_inc.tar.gz.1
17318,ENA,ERR11027272,https://sra-pub-src-2.s3.amazonaws.com/ERR11027272/LiH_2.fast5.tar.gz.1,,,0,PRJEB60468,ERX10463142,SAMEA112770612,ERR11027272,ERA20830978,Whole-methylome and transcriptome of Porphyromonas gingivalis W50,,Limited hemin sample 2,LiH_2,P. gingivalis W50 grown in limited hemin (0.2 mg/L),1125722,Porphyromonas gingivalis W50,Bacteria; Bacteroidota; Bacteroidia; Bacteroidales; Porphyromonadaceae; Porphyromonas; Porphyromonas gingivalis,,,SINGLE,LiH_2_DNAm,MinION,136443852222,https://sra-pub-src-2.s3.amazonaws.com/ERR11027272/LiH_2.fast5.tar.gz.1
17324,ENA,ERR11027274,https://sra-pub-src-2.s3.amazonaws.com/ERR11027274/ExH_1.fast5.tar.gz.1,,,0,PRJEB60468,ERX10463144,SAMEA112770614,ERR11027274,ERA20830978,Whole-methylome and transcriptome of Porphyromonas gingivalis W50,,Excess hemin sample 1,ExH_1,P. gingivalis W50 grown in excess hemin (5 mg/L),1125722,Porphyromonas gingivalis W50,Bacteria; Bacteroidota; Bacteroidia; Bacteroidales; Porphyromonadaceae; Porphyromonas; Porphyromonas gingivalis,,,SINGLE,ExH_1_DNAm,MinION,161043220682,https://sra-pub-src-2.s3.amazonaws.com/ERR11027274/ExH_1.fast5.tar.gz.1
17978,ENA,ERR2504003,https://sra-pub-src-2.s3.amazonaws.com/ERR2504003/155_89R.tar.gz.1,,,0,PRJEB25703,ERX2523246,SAMEA1056778,ERR2504003,ERA1271414,Golparian et al. WGS of Neisseria gonorrhoeae using MinION sequencer (Oxford Nanopore Technologies).,ONT MinION sequencer: WGS of Neisseria gonorrhoeae,155_89R,155_89R,"Clinical sample, Bern, Switzerland",485,Neisseria gonorrhoeae,Bacteria; Pseudomonadota; Betaproteobacteria; Neisseriales; Neisseriaceae; Neisseria,,SQK-LSK208 2D,SINGLE,155_89R,MinION,92076740873,https://sra-pub-src-2.s3.amazonaws.com/ERR2504003/155_89R.tar.gz.1
17993,ENA,ERR2697195,https://sra-pub-src-2.s3.amazonaws.com/ERR2697195/bc03.tar.gz.1,,,0,PRJEB27721,ERX2711588,SAMEA4786368,ERR2697195,ERA1540908,MinION sequencing determines genome structure of P. aeruginosa,MinION of P. aeruginosa,MinION sequencing of P. aeruginosa,PAdelta,Mutant selected for on ciprofloxacin media,287,Pseudomonas aeruginosa,Bacteria; Pseudomonadota; Gammaproteobacteria; Pseudomonadales; Pseudomonadaceae; Pseudomonas,PA01 ATCC15692,,SINGLE,unspecified,MinION,53702851245,https://sra-pub-src-2.s3.amazonaws.com/ERR2697195/bc03.tar.gz.1
18151,ENA,ERR3378069,https://sra-pub-src-2.s3.amazonaws.com/ERR3378069/NCTC11168_barcode01.tar.gz.1,,,0,PRJEB33069,ERX3402212,SAMEA5719289,ERR3378069,ERA2009416,Sequencing of the common strain of Campylobacter jejuni NCTC11168 across various laboratories to assess the accumulation of variation.,Domestication of Campylobacter jejuni NCTC 11168,NCTC11168,NCTC111681,University of Aberdeen strain of Campylobacter jejuni NCTC 11168,192222,Campylobacter jejuni subsp. jejuni NCTC 11168 = ATCC 700819,Bacteria; Campylobacterota; Epsilonproteobacteria; Campylobacterales; Campylobacteraceae; Campylobacter; Campylobacter jejuni; Campylobacter jejuni subsp. jejuni,,,SINGLE,unspecified,MinION,54637525430,https://sra-pub-src-2.s3.amazonaws.com/ERR3378069/NCTC11168_barcode01.tar.gz.1
18153,ENA,ERR3485550,https://sra-pub-src-2.s3.amazonaws.com/ERR3485550/03042018_GridION_KlebIsolate.tar.gz.1,,,0,PRJEB22207,ERX3507034,SAMEA5870802,ERR3485550,ERA2091870,Gut microbiome diagnostics in pre-term babies,Nanopore BAMBI (Baby Associated MicroBiota of the Intestine),Nanopore sequencing of Klebsiella pneumoniae isolated from P8 BAMBI sample,Nanopore P8 Klebsiella isolate,Nanopore sequencing of Klebsiella pneumoniae isolated from P8 BAMBI sample,573,Klebsiella pneumoniae,Bacteria; Pseudomonadota; Gammaproteobacteria; Enterobacterales; Enterobacteriaceae; Klebsiella,,,SINGLE,03042018_GridION_KlebIsolate,GridION,43331585311,https://sra-pub-src-2.s3.amazonaws.com/ERR3485550/03042018_GridION_KlebIsolate.tar.gz.1
18184,ENA,ERR3654117,https://sra-pub-src-2.s3.amazonaws.com/ERR3654117/460-16.tar.gz.1,,,0,PRJEB34353,ERX3646133,SAMEA5949517,ERR3654117,ERA2285148,a polyclonal multi-species outbreak ofn NDM-1 producing Bacteriales in a single hospital,A polyclonal multi-species outbreak of NDM-1 producing Bacteriales in a single hospital,460-16,460-16,genomic DNA,550,Enterobacter cloacae,Bacteria; Pseudomonadota; Gammaproteobacteria; Enterobacterales; Enterobacteriaceae; Enterobacter; Enterobacter cloacae complex,460-16,,SINGLE,unspecified,MinION,15167670065,https://sra-pub-src-2.s3.amazonaws.com/ERR3654117/460-16.tar.gz.1
18497,ENA,ERR3798589,https://sra-pub-src-2.s3.amazonaws.com/ERR3798589/S10.fast5.tar.gz.1,,,0,PRJEB35407,ERX3800556,SAMEA6227224,ERR3798589,ERA2335787,Five Streptococcus suis complete genomes,MRA_Ssuis_genomes,Streptococcus suis isolated from healthy pig,S10,Streptococcus suis isolated from healthy pig,1307,Streptococcus suis,Bacteria; Bacillota; Bacilli; Lactobacillales; Streptococcaceae; Streptococcus,S10,,SINGLE,unspecified,MinION,2219570691,https://sra-pub-src-2.s3.amazonaws.com/ERR3798589/S10.fast5.tar.gz.1
18660,ENA,ERR4173916,https://sra-pub-src-2.s3.amazonaws.com/ERR4173916/M_bovis_MinION_Guppy.tar.gz.1,,,0,PRJEB38441,ERX4137348,SAMEA6854161,ERR4173916,ERA2634646,High quality MinION and Flongle long-read nanopore genome assemblies of Mycoplasma bovis using taxon-specific training of the Bonito basecaller,Taxon-specific basecalling for high quality long-read nanopore Mycoplasma bovis genome assemblies,M_bovis_MinION_Guppy,M_bovis_MinION_Guppy11,M_bovis_MinION_Guppy,28903,Mycoplasmopsis bovis,Bacteria; Mycoplasmatota; Mycoplasmoidales; Metamycoplasmataceae; Mycoplasmopsis,,,SINGLE,RBK004,MinION,5073120282,https://sra-pub-src-2.s3.amazonaws.com/ERR4173916/M_bovis_MinION_Guppy.tar.gz.1
18663,ENA,ERR4173917,https://sra-pub-src-2.s3.amazonaws.com/ERR4173917/Comparison_E_coli.tar.gz.1,,,0,PRJEB38441,ERX4137349,SAMEA6854162,ERR4173917,ERA2634647,High quality MinION and Flongle long-read nanopore genome assemblies of Mycoplasma bovis using taxon-specific training of the Bonito basecaller,Taxon-specific basecalling for high quality long-read nanopore Mycoplasma bovis genome assemblies,Comparison_E_coli,Comparison_E_coli1,Comparison_E_coli,562,Escherichia coli,Bacteria; Pseudomonadota; Gammaproteobacteria; Enterobacterales; Enterobacteriaceae; Escherichia,,,SINGLE,RBK004,MinION,3068446535,https://sra-pub-src-2.s3.amazonaws.com/ERR4173917/Comparison_E_coli.tar.gz.1
18668,ENA,ERR4179765,https://sra-pub-src-2.s3.amazonaws.com/ERR4179765/M_bovis_MinION_Guppy.tar.gz.1,,,0,PRJEB38523,ERX4143189,SAMEA6863137,ERR4179765,ERA2648237,High quality MinION and Flongle long-read nanopore genome assemblies of Mycoplasma bovis using taxon-specific training of the Bonito basecaller,Taxon-specific basecalling for high quality long-read nanopore Mycoplasma bovis genome assemblies,MinION_Guppy_basecall_All_strains,MinION_Guppy_basecall_All_strains1,MinION_Guppy_basecall_All_strains,28903,Mycoplasmopsis bovis,Bacteria; Mycoplasmatota; Mycoplasmoidales; Metamycoplasmataceae; Mycoplasmopsis,,,SINGLE,RBK004,MinION,5072002408,https://sra-pub-src-2.s3.amazonaws.com/ERR4179765/M_bovis_MinION_Guppy.tar.gz.1
18735,ENA,ERR4327117,https://sra-pub-src-2.s3.amazonaws.com/ERR4327117/CFBP_498_BC18.tar.gz.1,,,0,PRJEB38812,ERX4273951,SAMEA6962647,ERR4327117,ERA2764785,Complete or high-quality draft genome sequences of six Xanthomonas hortorum strains sequenced with short- and long-read technologies,Six Xanthomonas hortorum strains genomes,Xanthomonas hortorum pv. vitians CFBP 498,CFBP 498,Xanthomonas hortorum pv. vitians CFBP 498,707209,Xanthomonas hortorum pv. vitians,Bacteria; Pseudomonadota; Gammaproteobacteria; Xanthomonadales; Xanthomonadaceae; Xanthomonas; Xanthomonas hortorum,,,SINGLE,CFBP 498 long reads,MinION,2266239616,https://sra-pub-src-2.s3.amazonaws.com/ERR4327117/CFBP_498_BC18.tar.gz.1
18921,ENA,ERR4656970,https://sra-pub-src-2.s3.amazonaws.com/ERR4656970/LMG_31884_BC23.tar.gz.1,,,0,PRJEB38813,ERX4580672,SAMEA7356589,ERR4656970,ERA2939317,Complete genome sequences of four Xanthomonas hortorum species level clade strains sequenced with short- and long-read technologies,Xanthomonas hortorum species level clade strains isolated from hydrangea,Xanthomonas hydrangeae LMG 31884,LMG 31884,Xanthomonas hydrangeae LMG 31884,2775159,Xanthomonas hydrangeae,Bacteria; Pseudomonadota; Gammaproteobacteria; Xanthomonadales; Xanthomonadaceae; Xanthomonas,GBBC 2123,,SINGLE,LMG 31884 long reads,MinION,2964177983,https://sra-pub-src-2.s3.amazonaws.com/ERR4656970/LMG_31884_BC23.tar.gz.1
18925,ENA,ERR4760465,https://sra-pub-src-2.s3.amazonaws.com/ERR4760465/Mabs09-13-3_MinION_Porechop.tar.gz.1,,,0,PRJEB39129,ERX4633596,SAMEA7027530,ERR4760465,ERA3030827,Mycobacterium abscessus population structure of isolates from Cystic Fibrosis patients,Mycobacterium abscessus population structure,M. abscessus abscessus 09-13-3 complete,09-13-3_MinIon,M. abscessus isolate from patient with Cystic Fibrosis,36809,Mycobacteroides abscessus,Bacteria; Actinomycetota; Actinomycetes; Mycobacteriales; Mycobacteriaceae; Mycobacteroides,M. abscessus abscessus 09-13-3,SQK-RBK004,SINGLE,unspecified,MinION,2184198550,https://sra-pub-src-2.s3.amazonaws.com/ERR4760465/Mabs09-13-3_MinION_Porechop.tar.gz.1
19420,ENA,ERR5205857,https://sra-pub-src-2.s3.amazonaws.com/ERR5205857/V2_MinION.tar.gz.1,,,0,PRJEB41626,ERX5010517,SAMEA7886631,ERR5205857,ERA3346951,Long-read sequencing-based in silico phage typing of vancomycin-resistant Enterococcus faecium,Long-read sequencing and phage typing of Enterococcus faecium,V2_MinION,3,V2_MinION,1352,Enterococcus faecium,Bacteria; Bacillota; Bacilli; Lactobacillales; Enterococcaceae; Enterococcus,V2_MinION,,SINGLE,unspecified,MinION,5831665299,https://sra-pub-src-2.s3.amazonaws.com/ERR5205857/V2_MinION.tar.gz.1
19425,ENA,ERR5205861,https://sra-pub-src-2.s3.amazonaws.com/ERR5205861/BL4_MinION.tar.gz.1,,,0,PRJEB41626,ERX5010521,SAMEA7886635,ERR5205861,ERA3346951,Long-read sequencing-based in silico phage typing of vancomycin-resistant Enterococcus faecium,Long-read sequencing and phage typing of Enterococcus faecium,BL4_MinION,7,BL4_MinION,1352,Enterococcus faecium,Bacteria; Bacillota; Bacilli; Lactobacillales; Enterococcaceae; Enterococcus,BL4_MinION,,SINGLE,unspecified,MinION,7135380684,https://sra-pub-src-2.s3.amazonaws.com/ERR5205861/BL4_MinION.tar.gz.1
19487,ENA,ERR5214392,https://sra-pub-src-2.s3.amazonaws.com/ERR5214392/AI2711.FAK46786.fast5s.tar.gz.1,,,0,PRJEB42440,ERX5017848,SAMEA7853279,ERR5214392,ERA3354929,Comprehensive genomic survey of carbapenem-resistant Enterobacteriaceae in Spain,CRE global study,AI2711 DNA,AI2711,DNA extracted from AI2711,54291,Raoultella ornithinolytica,Bacteria; Pseudomonadota; Gammaproteobacteria; Enterobacterales; Enterobacteriaceae; Raoultella,0,"Genomic DNA from Carbapenem-resistant Enterobacteriaceae was used to prepare 1D Native barcoding genomic libraries using the Ligation sequencing kit SQK-LSK109 plus the Native Barcoding Expansion kits EXP-NBD103, EXP-NBD104 and EXP-NBD114 from Oxford Nanopore Technologies (ONT).",SINGLE,FAK46786_AI2711,MinION,13692464034,https://sra-pub-src-2.s3.amazonaws.com/ERR5214392/AI2711.FAK46786.fast5s.tar.gz.1
19495,ENA,ERR5260054,https://sra-pub-src-2.s3.amazonaws.com/ERR5260054/CFBP1159.tar.gz.1,,,0,PRJEB42844,ERX5050449,SAMEA7984667,ERR5260054,ERA3405686,"Complete genome and plasmid sequence data of three Xanthomonas arboricola pv. corylina, the bacterium responsible for bacterial blight of hazelnut",,Xanthomonas arboricola pv. corylina CFBP 1159,CFBP 1159,Xanthomonas arboricola pv. corylina CFBP 1159,487821,Xanthomonas arboricola pv. corylina,Bacteria; Pseudomonadota; Gammaproteobacteria; Xanthomonadales; Xanthomonadaceae; Xanthomonas; Xanthomonas arboricola,,,SINGLE,,MinION,8207485718,https://sra-pub-src-2.s3.amazonaws.com/ERR5260054/CFBP1159.tar.gz.1
19498,ENA,ERR5260056,https://sra-pub-src-2.s3.amazonaws.com/ERR5260056/301.tar.gz.1,,,0,PRJEB42844,ERX5050451,SAMEA7984669,ERR5260056,ERA3405686,"Complete genome and plasmid sequence data of three Xanthomonas arboricola pv. corylina, the bacterium responsible for bacterial blight of hazelnut",,Xanthomonas arboricola pv. corylina Xac301,Xac301,Xanthomonas arboricola pv. corylina Xac301,487821,Xanthomonas arboricola pv. corylina,Bacteria; Pseudomonadota; Gammaproteobacteria; Xanthomonadales; Xanthomonadaceae; Xanthomonas; Xanthomonas arboricola,RIPF X12;Xac301,,SINGLE,,MinION,23141564836,https://sra-pub-src-2.s3.amazonaws.com/ERR5260056/301.tar.gz.1
19819,ENA,ERR5420986,https://sra-pub-src-2.s3.amazonaws.com/ERR5420986/AN2353.FAL12022.fast5s.tar.gz.1,,,0,PRJEB42440,ERX5205550,SAMEA8158506,ERR5420986,ERA3552642,Comprehensive genomic survey of carbapenem-resistant Enterobacteriaceae in Spain,CRE global study,AN2353 DNA,AN2353,DNA extracted from AN2353,545,Citrobacter koseri,Bacteria; Pseudomonadota; Gammaproteobacteria; Enterobacterales; Enterobacteriaceae; Citrobacter,0,"Genomic DNA from Carbapenem-resistant Enterobacteriaceae was used to prepare 1D Native barcoding genomic libraries using the Ligation sequencing kit SQK-LSK109 plus the Native Barcoding Expansion kits EXP-NBD103, EXP-NBD104 and EXP-NBD114 from Oxford Nanopore Technologies (ONT).",SINGLE,FAL12022_AN2353,GridION,25068749496,https://sra-pub-src-2.s3.amazonaws.com/ERR5420986/AN2353.FAL12022.fast5s.tar.gz.1
19829,ENA,ERR5420993,https://sra-pub-src-2.s3.amazonaws.com/ERR5420993/AN2363.FAL12022.fast5s.tar.gz.1,,,0,PRJEB42440,ERX5205557,SAMEA8158514,ERR5420993,ERA3552642,Comprehensive genomic survey of carbapenem-resistant Enterobacteriaceae in Spain,CRE global study,AN2363 DNA,AN2363,DNA extracted from AN2363,571,Klebsiella oxytoca,Bacteria; Pseudomonadota; Gammaproteobacteria; Enterobacterales; Enterobacteriaceae; Klebsiella,328,"Genomic DNA from Carbapenem-resistant Enterobacteriaceae was used to prepare 1D Native barcoding genomic libraries using the Ligation sequencing kit SQK-LSK109 plus the Native Barcoding Expansion kits EXP-NBD103, EXP-NBD104 and EXP-NBD114 from Oxford Nanopore Technologies (ONT).",SINGLE,FAL12022_AN2363,GridION,9438752200,https://sra-pub-src-2.s3.amazonaws.com/ERR5420993/AN2363.FAL12022.fast5s.tar.gz.1
19906,ENA,ERR5671664,https://sra-pub-src-2.s3.amazonaws.com/ERR5671664/AN2340.FAL12360.fast5s.tar.gz.1,,,0,PRJEB42440,ERX5387145,SAMEA8158484,ERR5671664,ERA3815300,Comprehensive genomic survey of carbapenem-resistant Enterobacteriaceae in Spain,CRE global study,AN2340 DNA,AN2340,DNA extracted from AN2340,244366,Klebsiella variicola,Bacteria; Pseudomonadota; Gammaproteobacteria; Enterobacterales; Enterobacteriaceae; Klebsiella,0,"Genomic DNA from Carbapenem-resistant Enterobacteriaceae was used to prepare 1D Native barcoding genomic libraries using the Ligation sequencing kit SQK-LSK109 plus the Native Barcoding Expansion kits EXP-NBD103, EXP-NBD104 and EXP-NBD114 from Oxford Nanopore Technologies (ONT).",SINGLE,FAL12360_AN2340,GridION,4354793332,https://sra-pub-src-2.s3.amazonaws.com/ERR5671664/AN2340.FAL12360.fast5s.tar.gz.1
20132,ENA,ERR6226270,https://sra-pub-src-2.s3.amazonaws.com/ERR6226270/125703-19-fast5.tar.gz.1,,,0,PRJEB43861,ERX5861220,SAMEA8951503,ERR6226270,ERA5204205,Taxonomic study of Pseudoclavibacter sp. 125703-2019,Taxonomic study of Pseudoclavibacter sp. 125703-2019,125703-19,125703-19,125703-19,2820673,Pseudoclavibacter triregionum,Bacteria; Actinomycetota; Actinomycetes; Micrococcales; Microbacteriaceae; Pseudoclavibacter,125703-19,,SINGLE,unspecified,GridION,20022875824,https://sra-pub-src-2.s3.amazonaws.com/ERR6226270/125703-19-fast5.tar.gz.1
20139,ENA,ERR6415088,https://sra-pub-src-2.s3.amazonaws.com/ERR6415088/1V.tar.gz.1,,,0,PRJEB26715,ERX6042953,SAMEA4663405,ERR6415088,ERA5468970,Avian Chlamydia abortus genomes sequencing study.,Avian C. abortus genomes,Avian Chlamydia abortus,3,Avian Chlamydia abortus,83555,Chlamydia abortus,Bacteria; Chlamydiota; Chlamydiia; Chlamydiales; Chlamydiaceae; Chlamydia,,,SINGLE,unspecified,MinION,101327834627,https://sra-pub-src-2.s3.amazonaws.com/ERR6415088/1V.tar.gz.1
20155,ENA,ERR668983,https://sra-pub-src-2.s3.amazonaws.com/ERR668983/raw_2_rabsch_R7.tar.gz.1,,,0,PRJEB7681,ERX624246,SAMEA3110713,ERR668983,ERA376255,Salmonella Typhi H58 antibiotic resistance island,Salmonella Typhi H58 antibiotic resistance island,,SAMEA3110713,,90370,Salmonella enterica subsp. enterica serovar Typhi,Bacteria; Pseudomonadota; Gammaproteobacteria; Enterobacterales; Enterobacteriaceae; Salmonella; Salmonella enterica; Salmonella enterica subsp. enterica,,,SINGLE,MinION-08-04776.lib,MinION,32662809858,https://sra-pub-src-2.s3.amazonaws.com/ERR668983/raw_2_rabsch_R7.tar.gz.1
20208,ENA,ERR7477324,https://sra-pub-src-2.s3.amazonaws.com/ERR7477324/607095-21.tar.gz.1,,,0,PRJEB48754,ERX7048020,SAMEA10812769,ERR7477324,ERA7556473,Diagnostic challenges within the Bacillus cereus-group: finding the beast without teeth,Diagnostic challenges within the Bacillus cereus-group,Bacillus taxonomy study,403507-21,Bacillus taxonomy study,1409,Bacillus sp. (in: firmicutes),Bacteria; Bacillota; Bacilli; Bacillales; Bacillaceae; Bacillus; unclassified Bacillus (in: firmicutes),403507-21,,SINGLE,unspecified,GridION,13539241405,https://sra-pub-src-2.s3.amazonaws.com/ERR7477324/607095-21.tar.gz.1
20240,ENA,ERR7850327,https://sra-pub-src-2.s3.amazonaws.com/ERR7850327/87569.tar.gz.1,,,0,PRJEB49683,ERX7415436,SAMEA12055373,ERR7850327,ERA8166087,"Surveillance of carbapenemase-producing Klebsiella pneumoniae in Russia, Belarus and Kazakhstan","Surveillance of carbapenemase-producing Klebsiella pneumoniae in Russia, Belarus and Kazakhstan",87569,87569,Klebsiella pneumoniae ST395,573,Klebsiella pneumoniae,Bacteria; Pseudomonadota; Gammaproteobacteria; Enterobacterales; Enterobacteriaceae; Klebsiella,87569,,SINGLE,st395_nanopore,MinION,1648599087,https://sra-pub-src-2.s3.amazonaws.com/ERR7850327/87569.tar.gz.1
20517,ENA,ERR868297,https://sra-pub-src-2.s3.amazonaws.com/ERR868297/Kp700603.tar.gz.1,,,0,PRJEB9295,ERX947898,SAMEA3373415,ERR868297,ERA434650,Real-time species typing and analysis of antibiotic resistance potential using Nanopore MinION sequencing,,Klebsiella pneumoniae ATCC-700603,Klebsiella pneumoniae ATCC-700603,Sequencing Klebsiella pneumoniae ATCC-700603,1276653,Klebsiella pneumoniae 700603,Bacteria; Pseudomonadota; Gammaproteobacteria; Enterobacterales; Enterobacteriaceae; Klebsiella; Klebsiella pneumoniae,,,SINGLE,Kp_ATCC-700603_library,MinION,5433965162,https://sra-pub-src-2.s3.amazonaws.com/ERR868297/Kp700603.tar.gz.1
30354,ENA,ERR5420941,https://sra-pub-src-2.s3.amazonaws.com/ERR5420941/AI2913.FAK63737.fast5s.tar.gz.1,,,0,PRJEB42440,ERX5205505,SAMEA8158452,ERR5420941,ERA3552642,Comprehensive genomic survey of carbapenem-resistant Enterobacteriaceae in Spain,CRE global study,AI2913 DNA,AI2913,DNA extracted from AI2913,548,Klebsiella aerogenes,Bacteria; Pseudomonadota; Gammaproteobacteria; Enterobacterales; Enterobacteriaceae; Klebsiella,57,"Genomic DNA from Carbapenem-resistant Enterobacteriaceae was used to prepare 1D Native barcoding genomic libraries using the Ligation sequencing kit SQK-LSK109 plus the Native Barcoding Expansion kits EXP-NBD103, EXP-NBD104 and EXP-NBD114 from Oxford Nanopore Technologies (ONT).",SINGLE,FAK63737_AI2913,MinION,7633178505,https://sra-pub-src-2.s3.amazonaws.com/ERR5420941/AI2913.FAK63737.fast5s.tar.gz.1
